Date,HPI,GDP_lag1,CPI_lag1,IR_lag1,Unemployment_lag1,Close_lag1,Volume_lag1,HPI_ma_3,HPI_lag1
2000-04-01,57.6,378669,3.043478,6.02826087,6.9,1498.579956,26156200000,57.36666667,57.5
2000-05-01,57.8,383125.8125,2.162162,5.924210526,6.7,1452.430054,20106460000,57.5,57.6
2000-06-01,57.8,383125.8125,2.373247,6.215,6.6,1420.599976,19898300000,57.63333333,57.8
2000-07-01,57.9,383125.8125,2.798708,5.895454545,6.7,1454.599976,21738300000,57.73333333,57.8
2000-08-01,58.1,387053,2.900107,5.8635,6.8,1430.829956,19089100000,57.83333333,57.9
2000-09-01,58.2,387053,2.572347,5.766363636,7,1517.680054,20363700000,57.93333333,58.1
2000-10-01,58.3,387053,2.67094,5.7295,6.9,1436.51001,20838300000,58.06666667,58.2
2000-11-01,58.5,387818.5,2.774813,5.723333333,7,1429.400024,25951400000,58.2,58.3
2000-12-01,58.6,387818.5,3.205128,5.727142857,6.9,1314.949951,20532300000,58.33333333,58.5
2001-01-01,58.7,387818.5,3.201708,5.402105263,6.8,1320.280029,23610800000,58.46666667,58.6
2001-02-01,58.8,390001.5,2.994653,5.418636364,6.9,1366.01001,27829800000,58.6,58.7
2001-03-01,59,390001.5,2.869288,5.43,7,1239.939941,21644400000,58.7,58.8
2001-04-01,59.2,390001.5,2.42616,5.301363636,7.1,1160.329956,27806610000,58.83333333,59
2001-05-01,59.3,391228,3.492064,5.5915,7.1,1249.459961,25409990000,59,59.2
2001-06-01,59.5,391228,3.898841,5.851363636,7,1255.819946,24525900000,59.16666667,59.3
2001-07-01,59.6,391228,3.350785,5.718095238,7.2,1224.380005,24748030000,59.33333333,59.5
2001-08-01,59.7,390953,2.713988,5.80047619,7.1,1211.22998,23793710000,59.46666667,59.6
2001-09-01,59.9,390953,2.821317,5.530909091,7.2,1133.579956,23359200000,59.6,59.7
2001-10-01,59.9,390953,2.601457,5.302631579,7.2,1040.939941,25025290000,59.73333333,59.9
2001-11-01,60.1,393297.8125,1.869159,5.232727273,7.3,1059.780029,29951280000,59.83333333,59.9
2001-12-01,60.2,393297.8125,0.621118,5.177142857,7.5,1139.449951,26330000000,59.96666667,60.1
2002-01-01,60.4,393297.8125,0.7238883,5.408421053,8.1,1148.079956,25128570000,60.06666667,60.2
2002-02-01,60.8,399048.5,1.349948,5.343636364,8,1130.199951,29746200000,60.23333333,60.4
2002-03-01,61,399048.5,1.446281,5.321,7.9,1106.72998,26047600000,60.46666667,60.8
2002-04-01,61.4,399048.5,1.853759,5.667,7.9,1147.390015,26563200000,60.73333333,61
2002-05-01,61.8,401406.3125,1.738241,5.658636364,7.7,1076.920044,28568900000,61.06666667,61.4
2002-06-01,61.9,401406.3125,1.115619,5.595909091,7.8,1067.140015,26905500000,61.4,61.8
2002-07-01,62,401406.3125,1.215806,5.424,7.6,989.8200073,29981510000,61.7,61.9
2002-08-01,62.3,404877.3125,2.134146,5.290454545,7.6,911.6199951,42228720000,61.9,62
2002-09-01,62.4,404877.3125,2.54065,5.12047619,7.4,916.0700073,29298400000,62.06666667,62.3
2002-10-01,62.7,404877.3125,2.332657,4.8855,7.6,815.2800293,27723710000,62.23333333,62.4
2002-11-01,63.1,407101,3.160041,5.127272727,7.6,885.7600098,37856310000,62.46666667,62.7
2002-12-01,63.3,407101,4.423868,5.0895,7.5,936.3099976,29200960000,62.73333333,63.1
2003-01-01,63.4,407101,3.798768,4.9675,7.6,879.8200073,25993640000,63.03333333,63.3
2003-02-01,63.8,409366,4.508197,4.961818182,7.5,855.7000122,30749580000,63.26666667,63.4
2003-03-01,63.9,409366,4.684318,5.012,7.5,841.1500244,25235300000,63.5,63.8
2003-04-01,64.1,409366,4.246714,4.997142857,7.4,848.1799927,30080030000,63.7,63.9
2003-05-01,64.5,408772.3125,2.914573,5.051904762,7.6,916.9199829,29669610000,63.93333333,64.1
2003-06-01,64.7,408772.3125,2.808425,4.671904762,7.8,963.5900269,30952100000,64.16666667,64.5
2003-07-01,64.9,408772.3125,2.602603,4.288095238,7.6,974.5,31219400000,64.43333333,64.7
2003-08-01,65.2,410300.5,2.089552,4.683181818,7.7,990.3099976,31553200000,64.7,64.9
2003-09-01,65.5,410300.5,1.982161,4.902,7.8,1008.01001,24881470000,64.93333333,65.2
2003-10-01,65.8,410300.5,2.180377,4.757142857,7.9,995.9699707,29940110000,65.2,65.5
2003-11-01,66.3,413121,1.581028,4.815454545,7.6,1050.709961,32298500000,65.5,65.8
2003-12-01,66.5,413121,1.576355,4.856842105,7.4,1058.199951,24463220000,65.86666667,66.3
2004-01-01,66.7,413121,2.077151,4.729047619,7.3,1111.920044,27839130000,66.2,66.5
2004-02-01,66.9,416125,1.27451,4.586190476,7.3,1131.130005,32820000000,66.5,66.7
2004-03-01,67.2,416125,0.6809338,4.4515,7.3,1144.939941,27985600000,66.7,66.9
2004-04-01,67.7,416125,0.7759457,4.260434783,7.3,1126.209961,33597900000,66.93333333,67.2
2004-05-01,68.2,421055.5,1.660156,4.612857143,7.2,1107.300049,31611900000,67.26666667,67.7
2004-06-01,68.7,421055.5,2.439024,4.773,7.1,1120.680054,29326400000,67.7,68.2
2004-07-01,68.8,421055.5,2.536585,4.932727273,7.2,1140.839966,27529500000,68.2,68.7
2004-08-01,69.1,426033.8125,2.339181,4.75,7.1,1101.719971,29285600000,68.56666667,68.8
2004-09-01,69.3,426033.8125,1.846453,4.630952381,7,1104.23999,26586800000,68.86666667,69.1
2004-10-01,69.5,426033.8125,1.842871,4.602380952,6.9,1114.579956,26829870000,69.06666667,69.3
2004-11-01,69.8,429108.5,2.33463,4.55,7.1,1130.199951,31511000000,69.3,69.5
2004-12-01,69.9,429108.5,2.42483,4.484761905,7.2,1173.819946,30460280000,69.53333333,69.8
2005-01-01,70.1,429108.5,2.131783,4.32047619,7.1,1211.920044,31102500000,69.73333333,69.9
2005-02-01,70.3,430611.3125,1.936108,4.2605,6.9,1181.27002,31498800000,69.93333333,70.1
2005-03-01,70.6,430611.3125,2.125604,4.205,7,1203.599976,29297410000,70.1,70.3
2005-04-01,71,430611.3125,2.309913,4.358181818,6.9,1180.589966,39014150000,70.33333333,70.6
2005-05-01,71.3,433723.5,2.401537,4.193809524,6.7,1156.849976,43424270000,70.63333333,71
2005-06-01,71.9,433723.5,1.619048,4.073809524,7,1191.5,39321990000,70.96666667,71.3
2005-07-01,72,433723.5,1.712655,3.828181818,6.8,1191.329956,40334040000,71.4,71.9
2005-08-01,72.3,438979.8125,2,3.8995,6.7,1234.180054,37464670000,71.73333333,72
2005-09-01,72.7,438979.8125,2.576336,3.920454545,6.7,1220.329956,42030090000,72.06666667,72.3
2005-10-01,73.2,438979.8125,3.238095,3.868571429,6.7,1228.810059,44777510000,72.33333333,72.7
2005-11-01,73.6,443339.5,2.56654,4.047,6.7,1207.01001,49793790000,72.73333333,73.2
2005-12-01,74.1,443339.5,1.988636,4.107142857,6.3,1249.47998,45102870000,73.16666667,73.6
2006-01-01,74.7,443339.5,2.087286,4.041,6.6,1248.290039,41756130000,73.63333333,74.1
2006-02-01,75.2,446939,2.754036,4.029047619,6.7,1280.079956,49211650000,74.13333333,74.7
2006-03-01,76,446939,2.17597,4.17,6.6,1280.660034,42859940000,74.66666667,75.2
2006-04-01,76.9,446939,2.163688,4.199565217,6.5,1294.869995,50905040000,75.3,76
2006-05-01,77.8,447162.5,2.439024,4.415789474,6.5,1310.609985,43308430000,76.03333333,76.9
2006-06-01,79,447162.5,2.811621,4.399545455,6.2,1270.089966,54312830000,76.9,77.8
2006-07-01,79.8,447162.5,2.43218,4.441363636,6.3,1270.199951,54873260000,77.9,79
2006-08-01,81,448421.3125,2.334267,4.444,6.5,1276.660034,46348220000,78.86666667,79.8
2006-09-01,81.4,448421.3125,2.139535,4.252727273,6.5,1303.819946,50485620000,79.93333333,81
2006-10-01,81.6,448421.3125,0.7380074,4.068571429,6.5,1335.849976,49001440000,80.73333333,81.4
2006-11-01,82,450207,1.019462,4.106666667,6.3,1377.939941,56793620000,81.33333333,81.6
2006-12-01,82,450207,1.392758,3.99952381,6.5,1400.630005,55343930000,81.66666667,82
2007-01-01,82.3,450207,1.672862,3.966315789,6.3,1418.300049,47578780000,81.86666667,82
2007-02-01,82.7,453080.3125,1.109057,4.121818182,6.4,1438.23999,56686200000,82.1,82.3
2007-03-01,83,453080.3125,2.037037,4.1175,6.3,1406.819946,51844990000,82.33333333,82.7
2007-04-01,83.7,453080.3125,2.302026,4.045909091,6.3,1420.859985,67622250000,82.66666667,83
2007-05-01,84.6,457455.8125,2.197802,4.1715,6.3,1482.369995,57032470000,83.13333333,83.7
2007-06-01,85.1,457455.8125,2.187785,4.292727273,6.2,1530.619995,64958050000,83.76666667,84.6
2007-07-01,85.9,457455.8125,2.191781,4.612857143,6.1,1503.349976,65322800000,84.46666667,85.1
2007-08-01,86.3,459169.8125,2.189781,4.59,6,1455.27002,70337430000,85.2,85.9
2007-09-01,86.5,459169.8125,1.730419,4.428636364,6,1473.98999,91381760000,85.76666667,86.3
2007-10-01,86.6,459169.8125,2.472528,4.356315789,6,1526.75,57809700000,86.23333333,86.5
2007-11-01,87,459773.3125,2.385321,4.362727273,6,1549.380005,76022580000,86.46666667,86.6
2007-12-01,87.1,459773.3125,2.472528,4.121428571,6.1,1481.140015,86246950000,86.7,87
2008-01-01,87.6,459773.3125,2.3766,4.015789474,6.2,1468.359985,64821670000,86.9,87.1
2008-02-01,87.9,460118.3125,2.193784,3.848181818,6.1,1378.550049,98475340000,87.23333333,87.6
2008-03-01,88.1,460118.3125,1.814882,3.828,6.1,1330.630005,78536130000,87.53333333,87.9
2008-04-01,88.1,460118.3125,1.350135,3.509,6.2,1322.699951,93189170000,87.86666667,88.1
2008-05-01,88.1,461794.8125,1.702509,3.628636364,6.2,1385.589966,85978630000,88.03333333,88.1
2008-06-01,88.2,461794.8125,2.230152,3.621428571,6.2,1400.380005,80990480000,88.1,88.1
2008-07-01,88.2,461794.8125,3.127793,3.76,6.1,1280,96614040000,88.13333333,88.2
2008-08-01,88.2,465589.5,3.392857,3.750454545,6.2,1267.380005,1.25E+11,88.16666667,88.2
2008-09-01,88.3,465589.5,3.491495,3.5915,6.2,1282.829956,86266010000,88.2,88.2
2008-10-01,87.9,465589.5,3.395889,3.540952381,6.3,1166.359985,1.40E+11,88.23333333,88.3
2008-11-01,87.7,460187.3125,2.598566,3.668181818,6.4,968.75,1.60E+11,88.13333333,87.9
2008-12-01,87.5,460187.3125,1.966041,3.571578947,6.7,896.2399902,1.16E+11,87.96666667,87.7
2009-01-01,87,460187.3125,1.160714,2.945714286,7,903.25,1.13E+11,87.7,87.5
2009-02-01,86.4,449802.8125,1.073345,2.812380952,7.5,825.8800049,1.12E+11,87.4,87
2009-03-01,86,449802.8125,1.426025,2.960526316,8.1,735.0900269,1.24E+11,86.96666667,86.4
2009-04-01,85.5,449802.8125,1.243339,2.885909091,8.4,797.8699951,1.62E+11,86.46666667,86
2009-05-01,85.4,444950.8125,0.3524229,2.954285714,8.4,872.8099976,1.39E+11,85.96666667,85.5
2009-06-01,85.2,444950.8125,0.08726004,3.202,8.7,919.1400146,1.32E+11,85.63333333,85.4
2009-07-01,85.4,444950.8125,-0.2599653,3.459090909,8.8,919.3200073,1.13E+11,85.36666667,85.2
2009-08-01,85.5,446940.8125,-0.9499136,3.429090909,8.8,987.4799805,1.07E+11,85.33333333,85.4
2009-09-01,85.9,446940.8125,-0.7785467,3.4645,8.7,1020.619995,1.16E+11,85.36666667,85.5
2009-10-01,86.1,446940.8125,-0.8643042,3.365714286,8.5,1057.079956,1.12E+11,85.6,85.9
2009-11-01,86.4,452133.8125,0.08733624,3.425238095,8.6,1036.189941,1.13E+11,85.83333333,86.1
2009-12-01,86.7,452133.8125,0.9640666,3.3925,8.6,1095.630005,84981530000,86.13333333,86.4
2010-01-01,87.1,452133.8125,1.323919,3.416190476,8.6,1115.099976,89515330000,86.4,86.7
2010-02-01,87.1,457611.5,1.858407,3.485,8.4,1073.869995,90947580000,86.73333333,87.1
2010-03-01,87.4,457611.5,1.581722,3.423684211,8.4,1104.48999,84561340000,86.96666667,87.1
2010-04-01,87.6,457611.5,1.403509,3.490434783,8.3,1169.430054,1.04E+11,87.2,87.4
2010-05-01,87.9,460007.8125,1.843723,3.67,8.2,1186.689941,1.17E+11,87.36666667,87.6
2010-06-01,88,460007.8125,1.394943,3.4455,8.2,1089.410034,1.28E+11,87.63333333,87.9
2010-07-01,87.9,460007.8125,0.9556907,3.297727273,8,1030.709961,1.10E+11,87.83333333,88
2010-08-01,88,463228,1.830863,3.185238095,8.2,1101.599976,94778110000,87.93333333,87.9
2010-09-01,88.1,463228,1.743679,2.94952381,8.2,1049.329956,85738250000,87.96666667,88
2010-10-01,88.2,463228,1.918047,2.881428571,8.2,1141.199951,79589450000,88,88.1
2010-11-01,88.4,468424.5,2.443281,2.766,8.1,1183.26001,89536270000,88.1,88.2
2010-12-01,88.4,468424.5,1.996528,3.022380952,7.9,1180.550049,87151070000,88.23333333,88.4
2011-01-01,88.6,468424.5,2.351916,3.204761905,7.8,1257.640015,80984530000,88.33333333,88.4
2011-02-01,89,471992,2.345786,3.253,7.8,1286.119995,92164940000,88.46666667,88.6
2011-03-01,89,471992,2.16263,3.417368421,7.8,1327.219971,59223660000,88.66666667,89
2011-04-01,89.2,471992,3.287197,3.266521739,7.8,1325.829956,89507640000,88.86666667,89
2011-05-01,89.6,472848.8125,3.275862,3.328,7.8,1363.609985,77364810000,89.06666667,89.2
2011-06-01,89.8,472848.8125,3.697335,3.151904762,7.7,1345.199951,81708980000,89.26666667,89.6
2011-07-01,89.9,472848.8125,3.098107,2.987727273,7.7,1320.640015,86122730000,89.53333333,89.8
2011-08-01,90,479318.5,2.739726,2.9385,7.4,1292.280029,81102170000,89.76666667,89.9
2011-09-01,90.1,479318.5,3.084833,2.446363636,7.4,1218.890015,1.08E+11,89.9,90
2011-10-01,90.3,479318.5,3.165098,2.196666667,7.5,1131.420044,1.03E+11,90,90.1
2011-11-01,90.6,483127.8125,2.896082,2.296,7.5,1253.300049,98063670000,90.13333333,90.3
2011-12-01,90.7,483127.8125,2.893617,2.122380952,7.6,1246.959961,84275050000,90.33333333,90.6
2012-01-01,90.8,483127.8125,2.297872,1.992,7.5,1257.599976,74742430000,90.53333333,90.7
2012-02-01,91,483432.8125,2.4618,1.98,7.7,1312.410034,79567560000,90.7,90.8
2012-03-01,91.3,483432.8125,2.624894,2.021,7.6,1365.680054,78385710000,90.83333333,91
2012-04-01,91.5,483432.8125,1.926298,2.106818182,7.4,1408.469971,83899660000,91.03333333,91.3
2012-05-01,91.7,485004.3125,2.003339,2.0645,7.4,1397.910034,74761710000,91.26666667,91.5
2012-06-01,91.9,485004.3125,1.243781,1.922272727,7.6,1310.329956,86920490000,91.5,91.7
2012-07-01,92,485004.3125,1.502504,1.747619048,7.4,1362.160034,81582440000,91.7,91.9
2012-08-01,92.1,485668,1.25,1.656190476,7.3,1379.319946,73103810000,91.86666667,92
2012-09-01,92.3,485668,1.246883,1.826818182,7.4,1406.579956,70283810000,92,92.1
2012-10-01,92.5,485668,1.160862,1.837894737,7.4,1440.670044,69784280000,92.13333333,92.3
2012-11-01,92.6,486667.5,1.15894,1.811818182,7.4,1412.160034,71752320000,92.3,92.5
2012-12-01,92.7,486667.5,0.8271298,1.738095238,7.4,1416.180054,71489310000,92.46666667,92.6
2013-01-01,92.8,486667.5,0.8319467,1.767894737,7.3,1426.189941,66388180000,92.6,92.7
2013-02-01,93,491023.8125,0.4971002,1.931363636,7.1,1498.109985,75848510000,92.7,92.8
2013-03-01,93,491023.8125,1.237624,1.967894737,7.1,1514.680054,69273480000,92.83333333,93
2013-04-01,93.2,491023.8125,0.9860312,1.8515,7.3,1569.189941,68527110000,92.93333333,93
2013-05-01,93.4,493851.5,0.4091653,1.748636364,7.2,1597.569946,77098000000,93.06666667,93.2
2013-06-01,93.5,493851.5,0.7371007,1.901818182,7.1,1630.73999,76447250000,93.2,93.4
2013-07-01,93.6,493851.5,1.151316,2.2445,7.2,1606.280029,74946790000,93.36666667,93.5
2013-08-01,93.7,497912.5,1.316872,2.438181818,7.3,1685.72998,68106820000,93.5,93.6
2013-09-01,93.8,497912.5,1.067323,2.611428571,7.3,1632.969971,64802810000,93.6,93.7
2013-10-01,93.8,497912.5,1.065574,2.698,7.1,1681.550049,66174410000,93.7,93.8
2013-11-01,93.9,503123.5,0.6546645,2.518181818,7.3,1756.540039,76647400000,93.76666667,93.8
2013-12-01,93.9,503123.5,0.902379,2.5585,7.1,1805.810059,63628190000,93.83333333,93.9
2014-01-01,94.1,503123.5,1.237624,2.6735,7.4,1848.359985,64958820000,93.86666667,93.9
2014-02-01,94.4,503973.8125,1.483924,2.534090909,7.3,1782.589966,75871910000,93.96666667,94.1
2014-03-01,94.5,503973.8125,1.140994,2.42,7.3,1859.449951,69725590000,94.13333333,94.4
2014-04-01,94.7,503973.8125,1.545972,2.454285714,7.1,1872.339966,71885030000,94.33333333,94.5
2014-05-01,94.8,508567.8125,2.03749,2.444761905,7.1,1883.949951,71595810000,94.53333333,94.7
2014-06-01,94.9,508567.8125,2.276423,2.315238095,7.3,1923.569946,63623630000,94.66666667,94.8
2014-07-01,94.9,508567.8125,2.357723,2.298571429,7.2,1960.22998,63283380000,94.8,94.9
2014-08-01,95.2,513442.8125,2.112104,2.194545455,7.1,1930.670044,66524690000,94.86666667,94.9
2014-09-01,95.3,513442.8125,2.112104,2.062,7,2003.369995,58131140000,95,95.2
2014-10-01,95.4,513442.8125,2.027575,2.180952381,7,1972.290039,66706000000,95.13333333,95.3
2014-11-01,95.5,516991.5,2.357723,2.010454545,6.8,2018.050049,93714040000,95.3,95.4
2014-12-01,95.5,516991.5,1.95122,2.003157895,6.8,2067.560059,63600190000,95.4,95.5
2015-01-01,95.5,516991.5,1.466993,1.851904762,6.7,2058.899902,80743820000,95.46666667,95.5
2015-02-01,95.6,514113,0.9748172,1.525714286,6.8,1994.98999,77330040000,95.5,95.5
2015-03-01,95.7,514113,1.047542,1.379473684,6.9,2104.5,68775560000,95.53333333,95.6
2015-04-01,95.7,514113,1.201923,1.421363636,6.9,2067.889893,76675850000,95.6,95.7
2015-05-01,95.9,512709.5,0.798722,1.410952381,7,2085.51001,72060940000,95.66666667,95.7
2015-06-01,96.1,512709.5,0.8744038,1.744,6.9,2107.389893,65187730000,95.76666667,95.9
2015-07-01,96.2,512709.5,1.032565,1.78,6.9,2063.110107,73213980000,95.9,96.1
2015-08-01,96.5,514545.5,1.272872,1.569545455,7,2103.840088,77920590000,96.06666667,96.2
2015-09-01,96.6,514545.5,1.272872,1.3915,7.1,1972.180054,84626790000,96.26666667,96.5
2015-10-01,96.8,514545.5,1.033386,1.481428571,7.1,1920.030029,79989370000,96.43333333,96.6
2015-11-01,96.9,514886.5,1.032565,1.463333333,7,2079.360107,85844900000,96.63333333,96.8
2015-12-01,97,514886.5,1.355662,1.6335,7.1,2080.409912,75943590000,96.76666667,96.9
2016-01-01,97.1,514886.5,1.606426,1.45952381,7.3,2043.939941,83649260000,96.9,97
2016-02-01,97.3,517933,2.011263,1.258,7.2,1940.23999,92409770000,97,97.1
2016-03-01,97.5,517933,1.355662,1.1245,7.3,1932.22998,93049560000,97.13333333,97.3
2016-04-01,97.7,517933,1.266825,1.268181818,7.2,2059.73999,92639420000,97.3,97.5
2016-05-01,98.5,515353,1.664025,1.336190476,7.3,2065.300049,81124990000,97.5,97.7
2016-06-01,98.6,515353,1.497242,1.35,7.1,2096.949951,78883600000,97.9,98.5
2016-07-01,99,515353,1.493711,1.168181818,7,2098.860107,86852700000,98.26666667,98.6
2016-08-01,99.1,520701.3125,1.256873,1.051,7,2173.600098,69530250000,98.7,99
2016-09-01,99.3,520701.3125,1.099764,1.042727273,6.9,2170.949951,75610310000,98.9,99.1
2016-10-01,99.7,520701.3125,1.33753,1.086190476,7,2168.27002,77023620000,99.13333333,99.3
2016-11-01,99.9,523622.5,1.493711,1.1665,6.9,2126.149902,72915530000,99.36666667,99.7
2016-12-01,100,523622.5,1.180173,1.437619048,6.8,2198.810059,88445380000,99.63333333,99.9
2017-01-01,100.1,523622.5,1.501976,1.732,6.9,2238.830078,75344550000,99.86666667,100
2017-02-01,100.5,530210.8125,2.129338,1.722380952,6.9,2278.870117,70576420000,100,100.1
2017-03-01,100.7,530210.8125,2.045633,1.702105263,6.6,2363.639893,69260940000,100.2,100.5
2017-04-01,101.5,530210.8125,1.563722,1.714347826,6.7,2362.719971,81664010000,100.4333333,100.7
2017-05-01,102.2,535791.5,1.636789,1.523157895,6.5,2384.199951,65369860000,100.9,101.5
2017-06-01,102.4,535791.5,1.319876,1.513181818,6.6,2411.800049,79719460000,101.4666667,102.2
2017-07-01,102.8,535791.5,1.006971,1.502727273,6.5,2423.409912,81078810000,102.0333333,102.4
2017-08-01,102.9,535959.8125,1.163693,1.908,6.3,2470.300049,63348090000,102.4666667,102.8
2017-09-01,103.1,535959.8125,1.398601,1.883636364,6.2,2471.649902,70784900000,102.7,102.9
2017-10-01,103.2,535959.8125,1.552795,2.0495,6.2,2519.360107,66624120000,102.9333333,103.1
2017-11-01,103.3,538679,1.394268,2.050952381,6.3,2575.26001,71088550000,103.0666667,103.2
2017-12-01,103.3,538679,2.099533,1.918571429,6.2,2647.580078,73416960000,103.2,103.3
2018-01-01,103.3,538679,1.869159,1.915263158,6,2673.610107,65531700000,103.2666667,103.3
2018-02-01,103.1,544941.3125,1.698842,2.198181818,5.9,2823.810059,77318690000,103.3,103.3
2018-03-01,103.1,544941.3125,2.158828,2.324210526,6,2713.830078,79933970000,103.2333333,103.1
2018-04-01,103.1,544941.3125,2.309469,2.188571429,5.8,2640.870117,76803890000,103.1666667,103.1
2018-05-01,103.1,549192,2.223926,2.249047619,5.8,2648.050049,70194700000,103.1,103.1
2018-06-01,103.2,549192,2.222222,2.375454545,5.9,2705.27002,76011820000,103.1,103.1
2018-07-01,103.3,549192,2.453988,2.209047619,6,2718.370117,77891360000,103.1333333,103.2
2018-08-01,103.3,551962.3125,2.990798,2.187142857,5.9,2816.290039,64898300000,103.2,103.3
2018-09-01,103.3,551962.3125,2.835249,2.295454545,6,2901.52002,69523070000,103.2666667,103.3
2018-10-01,103.3,551962.3125,2.217125,2.353684211,5.8,2913.97998,63031510000,103.3,103.3
2018-11-01,103.3,553262.5,2.444614,2.488636364,5.6,2711.73999,91930980000,103.3,103.3
2018-12-01,103.3,553262.5,1.675552,2.407619048,5.7,2760.169922,80620020000,103.3,103.3
2019-01-01,103.2,553262.5,1.987768,2.057894737,5.6,2506.850098,84162180000,103.3,103.3
2019-02-01,103.2,554594,1.442673,1.953636364,5.7,2704.100098,80859870000,103.2666667,103.2
2019-03-01,103.2,554594,1.509434,1.907368421,5.8,2784.48999,70638770000,103.2333333,103.2
2019-04-01,103.2,554594,1.881114,1.712380952,5.8,2834.399902,79159660000,103.2,103.2
2019-05-01,103.1,560665.5,2.025506,1.724285714,5.7,2945.830078,70090370000,103.2,103.2
2019-06-01,103,560665.5,2.398801,1.664545455,5.5,2752.060059,77250740000,103.1666667,103.1
2019-07-01,102.9,560665.5,2.020958,1.4625,5.6,2941.76001,71250630000,103.1,103
2019-08-01,103,562233.3125,2.010424,1.519090909,5.7,2980.379883,70599470000,103,102.9
2019-09-01,103.2,562233.3125,1.937407,1.205238095,5.7,2926.459961,80269220000,102.9666667,103
2019-10-01,103.3,562233.3125,1.869858,1.364,5.6,2976.73999,74178980000,103.0333333,103.2
2019-11-01,103.2,563838.5,1.86428,1.449545455,5.6,3037.560059,77720640000,103.1666667,103.3
2019-12-01,103.4,563838.5,2.172285,1.4995,5.9,3140.97998,72410620000,103.2333333,103.2
2020-01-01,103.4,563838.5,2.248876,1.6045,5.6,3230.780029,72325540000,103.3,103.4
2020-02-01,103.8,552844,2.39521,1.492272727,5.5,3225.52002,77287980000,103.3333333,103.4
2020-03-01,104.1,552844,2.156134,1.294736842,5.8,2954.219971,84436590000,103.5333333,103.8
2020-04-01,104.1,552844,0.886263,0.819090909,8.5,2584.590088,1.62E+11,103.7666667,104.1
2020-05-01,104.2,492031.5,-0.2205882,0.657142857,13.7,2912.429932,1.24E+11,104,104.1
2020-06-01,104.3,492031.5,-0.3660322,0.551,14.2,3044.310059,1.07E+11,104.1333333,104.2
2020-07-01,104.7,492031.5,0.6603081,0.561363636,12.6,3100.290039,1.31E+11,104.2,104.3
2020-08-01,105.2,536725.3125,0.1459854,0.516363636,10.9,3271.120117,96928130000,104.4,104.7
2020-09-01,106.5,536725.3125,0.1461988,0.5635,10.1,3500.310059,82466520000,104.7333333,105.2
2020-10-01,107.3,536725.3125,0.51395,0.55952381,9.1,3363,92310780000,105.4666667,106.5
2020-11-01,107.9,546807,0.658858,0.602857143,9,3269.959961,89938980000,106.3333333,107.3
2020-12-01,108.2,546807,0.9530792,0.6885,8.6,3621.629883,1.01E+11,107.2333333,107.9
2021-01-01,109,546807,0.7331378,0.730952381,8.9,3756.070068,96375680000,107.8,108.2
2021-02-01,111.1,556122.3125,1.023392,0.8055,9.2,3714.23999,1.06E+11,108.3666667,109
2021-03-01,112.3,556122.3125,1.091703,1.099473684,8.5,3811.149902,99082320000,109.4333333,111.1
2021-04-01,114.4,556122.3125,2.196193,1.496521739,7.7,3972.889893,1.22E+11,110.8,112.3
2021-05-01,116,555470.5,3.389831,1.516190476,8.2,4181.169922,83124090000,112.6,114.4
2021-06-01,116.7,555470.5,3.600294,1.524,8.3,4204.109863,88321860000,114.2333333,116
2021-07-01,117.2,555470.5,3.061224,1.425,7.9,4297.5,1.03E+11,115.7,116.7
2021-08-01,118,566660.5,3.717201,1.251428571,7.4,4395.259766,84255620000,116.6333333,117.2
2021-09-01,118.5,566660.5,4.087591,1.191904762,7.1,4522.680176,80500760000,117.3,118
2021-10-01,119.6,566660.5,4.382761,1.263,7,4307.540039,85528860000,117.9,118.5
2021-11-01,120.5,576806,4.654545,1.597,6.5,4605.379883,80253600000,118.7,119.6
2021-12-01,120.8,576806,4.720407,1.685714286,6.1,4567,88268840000,119.5333333,120.5
2022-01-01,121.9,576806,4.803493,1.45,5.9,4766.180176,92750180000,120.3,120.8
2022-02-01,123.2,581725.3125,5.137482,1.759,6.4,4515.549805,95562890000,121.0666667,121.9
2022-03-01,124.7,581725.3125,5.687545,1.879473684,5.5,4373.939941,92667710000,121.9666667,123.2
2022-04-01,125.1,581725.3125,6.661891,2.132173913,5.4,4530.410156,1.24E+11,123.2666667,124.7
2022-05-01,125.7,587179.3125,6.771204,2.704,5.4,4131.930176,90367840000,124.3333333,125.1
2022-06-01,125.9,587179.3125,7.730496,2.918571429,5.2,4132.149902,1.09E+11,125.1666667,125.7
2022-07-01,126,587179.3125,8.132957,3.315454545,4.9,3785.379883,1.06E+11,125.5666667,125.9
2022-08-01,126.1,590733.3125,7.5896,3.043157895,4.8,4130.290039,81688320000,125.8666667,126
2022-09-01,126,590733.3125,7.012623,2.859090909,5.2,3955,92252350000,126,126.1
2022-10-01,125.7,590733.3125,6.857943,3.147894737,5.1,3585.620117,94241020000,126.0333333,126
2022-11-01,125.5,589886.8125,6.879777,3.380526316,5.1,3871.97998,95823760000,125.9333333,125.7
2022-12-01,125.5,589886.8125,6.796116,3.166190476,5,4080.110107,92671910000,125.7333333,125.5
2023-01-01,125.2,589886.8125,6.319445,2.9415,5,3839.5,85249330000,125.5666667,125.5
2023-02-01,124.9,595588.8125,5.918789,2.937619048,5.1,4076.600098,80763810000,125.4,125.2
2023-03-01,124.9,595588.8125,5.245232,3.174210526,5.1,3970.149902,80392280000,125.2,124.9
2023-04-01,124.8,595588.8125,4.298187,2.993478261,5,4109.310059,1.13E+11,125,124.9
2023-05-01,124.9,596820,4.405875,2.916111111,5.1,4169.47998,70861260000,124.8666667,124.8
2023-06-01,125,596820,3.357472,3.045454545,5.2,4179.830078,88929200000,124.8666667,124.9
2023-07-01,124.9,596820,2.812296,3.338181818,5.4,4450.379883,87983140000,124.9,125
2023-08-01,125,595994.8125,3.265839,3.452,5.5,4588.959961,75063200000,124.9333333,124.9
2023-09-01,124.7,595994.8125,3.997379,3.654090909,5.5,4507.660156,86840820000,124.9666667,125
2023-10-01,124.7,595994.8125,3.798297,3.816,5.5,4288.049805,73482980000,124.8666667,124.7
2023-11-01,124.4,597039.3125,3.120936,4.062,5.7,4193.799805,83519460000,124.8,124.7
2023-12-01,124.4,597039.3125,3.116883,3.710952381,5.7,4567.799805,80970570000,124.6,124.4
2024-01-01,124.3,597039.3125,3.396473,3.234210526,5.8,4769.830078,81530670000,124.5,124.4
2024-02-01,124.4,599751.5,2.858999,3.346363636,5.7,4845.649902,81737880000,124.3666667,124.3
2024-03-01,124.4,599751.5,2.783171,3.504,5.9,5096.27002,82066930000,124.3666667,124.4
2024-04-01,124.7,599751.5,2.897618,3.444,6.1,5254.350098,86299510000,124.3666667,124.4
2024-05-01,124.9,603862.8125,2.685422,3.695909091,6.2,5035.689941,81747170000,124.5,124.7
2024-06-01,124.7,603862.8125,2.866242,3.641818182,6.3,5277.509766,86849720000,124.6666667,124.9
2024-07-01,125,603862.8125,2.671756,3.3915,6.4,5460.47998,76025620000,124.7666667,124.7
2024-08-01,125,607176.5,2.530044,3.407727273,6.4,5522.299805,80160390000,124.8666667,125
2024-09-01,125,607176.5,1.953371,3.0715,6.7,5648.399902,81097300000,124.9,125
2024-10-01,124.5,607176.5,1.640379,2.944444444,6.6,5762.47998,79564830000,125,125
2024-11-01,124.6,611103.5,2.017654,3.186363636,6.6,5705.450195,82412430000,124.8333333,124.5
2024-12-01,124.5,611103.5,1.889169,3.2785,6.9,6032.379883,84101980000,124.7,124.6
2025-01-01,124.4,611103.5,1.831965,3.1615,6.7,5881.629883,86064900000,124.5333333,124.5
2025-02-01,,611103.5,1.895136,3.288636,6.6,6040.529785,88639380000,124.5,124.4
2025-03-01,,611103.5,1.87209,3.056316,6.6,5954.5,92317000000,124.4666667,124.5
2025-04-01,,611103.5,1.87209,3.056316,6.8,5800.5,92317000000,124.4666667,124.5